0,1,2,3,4,5,6,7,8,9,10,11,12,13,14,15,16,17,18,19,20,21,22,23,24,25,26,27,28,29,30,31,32,33,34,35,36,37,38,39,40,41,42,43,44,45,46,47,48,49
0.0,0.5990379,0.0,0.0,0.0,1.689138,0.0,0.0,0.0,0.0,1.2975917,0.51520336,0.0,0.0,0.58261454,0.0,1.995147,0.0,0.0,0.0,0.0,0.0,1.3533682,0.0,0.0,0.1708583,1.5930294,1.9919053,0.0,0.0,0.0,0.0,0.0,2.5064836,0.0,0.0,2.3747785,0.0,4.6052294,0.0,1.4344826,0.3538067,0.0,3.0916333,0.0,0.0,0.0,0.0,1.8802774,0.03414639
2.1412642,0.0,1.8678323,0.35935333,0.0,0.68866,0.0,0.0,0.0,0.0,0.0,0.0,0.0,0.0,1.9553581,0.0,1.1610173,0.0,0.0,0.0,0.48400426,1.5587884,0.0,0.0,0.0,2.229265,0.23739995,1.9404691,0.0,0.0,1.864323,0.0,0.0,0.0,0.0,0.0,2.1565254,0.0,0.0,0.0,0.0,1.4074016,2.5506403,1.8271517,0.0,0.0,0.0,1.5972466,2.2281275,0.0
1.0676687,0.0,1.6759961,0.24014875,0.0,0.9710917,0.0,0.0,0.0,0.0,0.91315806,0.0,0.0,0.43956974,1.406082,0.0,1.2565935,0.0,0.17852636,0.0,1.2655939,2.3767633,0.0,0.0,0.0,2.0946138,0.0,1.8811477,0.4007376,0.0,1.6891156,0.0,0.0,0.0,0.0,0.0,1.9506444,0.0,0.0,0.0,0.0,1.7994388,2.0219698,1.2362385,0.0,0.0,0.0,0.93357587,1.9408692,0.0
2.8725164,0.0,1.2914268,0.541249,0.0,1.1800982,0.0,0.0,0.0,0.0,0.0,0.0,0.0,0.0,1.8638079,0.0,1.6412517,0.0,0.0,0.0,0.02867032,0.0,0.0,0.0,0.0,1.4125769,0.142587,0.9697559,0.0,0.0,1.8247169,0.0,0.70343286,1.0304344,0.0,0.0,1.947969,0.0,0.0,0.0,0.0,1.2489135,0.95951897,2.6270034,0.0,0.0,0.0,2.3565025,1.7716169,0.0
3.70642,0.0,1.4360491,0.7490564,0.0,1.2590712,0.0,0.0,0.0,0.0,0.0,0.0,0.0,0.037018035,1.5187826,0.0,1.6067408,0.0,0.0,0.0,0.0,0.0,0.0,0.0,0.0,1.4440403,0.0,0.19923721,0.15698545,0.0,1.7883608,0.0,1.1567073,1.3181901,0.0,0.0,1.6834234,0.0,0.0,0.0,0.0,0.87808096,0.67575085,2.4146929,0.0,0.0,0.0,2.6177177,1.7533907,0.0
2.3108752,0.0,1.6578696,0.36950696,0.0,0.5610858,0.0,0.0,0.0,0.0,0.0,0.0,0.0,0.0,2.1319935,0.0,1.0926428,0.0,0.0,0.0,0.36298916,1.7517384,0.0,0.0,0.13851912,2.4782135,0.7446864,2.1644244,0.0,0.0,1.8038999,0.0,0.0,0.0,0.0,0.0,1.991513,0.18384837,0.0,0.0,0.0,1.4148594,2.743439,1.4766883,0.0,0.0,0.0,1.3761796,2.0126202,0.0
2.197261,0.0,2.1174572,0.0,0.0,1.2506651,0.0,0.0,0.0,0.0,0.0,0.0,0.0,0.0,1.5565815,0.0,1.462226,0.0,0.0,0.0,1.7476491,2.160948,0.0,0.0,0.0053800945,2.176064,0.0,2.1416757,0.0,0.0,1.9359807,0.0,0.0,0.0,0.0,0.0,2.4873085,0.24951547,0.0,0.0,0.0,2.0855296,2.1300907,1.4504566,0.0,0.0,0.0,1.8082685,1.8935806,0.0
2.6613972,0.0,1.6833296,0.4613432,0.0,0.85105854,0.0,0.0,0.0,0.0,0.0,0.0,0.0,0.11388157,1.7855834,0.0,1.3258871,0.0,0.0,0.0,0.30702713,0.8250755,0.0,0.0,0.0,1.967328,0.23327811,1.3843858,0.0,0.0,1.8902309,0.0,0.18365884,0.35571772,0.0,0.0,1.9934998,0.0,0.0,0.0,0.0,1.287086,1.8100905,1.914989,0.0,0.0,0.0,1.7452507,1.986217,0.0
0.920904,0.0,2.0010607,0.0,0.0,1.451884,0.0,0.0,0.0,0.0,1.197122,0.0,0.0,0.0,1.0054604,0.0,2.2614343,0.0,0.96787727,0.0,2.9349377,2.0566728,0.0,0.0,0.0,1.4718769,0.0,2.1550264,0.54796517,0.0,1.4835833,0.0,0.0,0.0,0.0,0.0,2.6093605,0.0,0.0,0.0,0.0,2.067586,1.2839622,1.5056589,0.0,0.0,0.0,1.6239654,1.6956968,0.0
2.8091028,0.0,1.5524359,0.0,0.0,1.5116174,0.0,0.0,0.0,0.0,0.0,0.0,0.0,0.2514829,1.6159106,0.0,1.7420326,0.0,0.0,0.0,0.9410549,0.0,0.0,0.0,0.0,1.4361962,0.0,0.7334498,0.67149407,0.0,1.7954875,0.0,0.81939965,1.1214978,0.0,0.0,1.7807924,0.0,0.0,0.0,0.0,1.4407202,0.2552708,2.3473222,0.0,0.0,0.0,3.1155753,1.7870073,0.0
1.8749769,0.0,1.5405606,0.719116,0.0,1.5349187,0.0,0.0,0.0,0.0,0.0,0.0,0.0,1.2033548,1.5225167,0.0,1.4271798,0.0,0.0,0.0,0.70091134,0.24409938,0.0,0.0,0.3252403,1.3108202,0.28478748,1.394741,0.46193647,0.0,1.9854423,0.82360196,0.64412713,0.0,0.0,0.0,1.1096337,0.25727046,0.0,0.0,0.0,1.7048095,1.2179545,0.9212097,0.0,0.0,0.64142776,1.7843876,1.6205207,0.0
2.8740776,0.0,1.7127242,0.0,0.0,1.5517672,0.0,0.0,0.0,0.0,0.0,0.0,0.0,0.13209976,1.5215662,0.0,1.6672225,0.0,0.0,0.0,1.532615,0.4754177,0.0,0.0,0.0,1.571008,0.0,1.0045419,0.39945135,0.0,1.7976277,0.0,0.5270341,0.43582276,0.0,0.0,2.0384333,0.0,0.0,0.0,0.0,1.6661341,0.479328,2.09121,0.0,0.0,0.0,3.0153804,1.6703012,0.0
1.0402023,0.0,2.0148275,0.0,0.0,1.4972607,0.0,0.0,0.0,0.0,0.4804088,0.0,0.0,0.0,0.9441573,0.0,2.5781736,0.0,0.96920156,0.0,3.399932,2.0546618,0.0,0.0,0.0,1.271285,0.0,1.9535865,0.7408752,0.0,1.7028353,0.0,0.0,0.0,0.0,0.0,2.5994253,0.0,0.0,0.0,0.0,2.0900536,0.91601986,1.4628596,0.0,0.0,0.0,2.2301273,1.3502241,0.0
1.8101529,0.0,1.8764454,0.17748322,0.0,1.9408875,0.0,0.0,0.0,0.0,0.0,0.0,0.0,1.0375476,1.0524,0.45824128,1.6813338,0.0,0.0,0.769009,1.7303369,0.49235776,0.0,0.0,0.5225384,1.4731886,0.0,1.6636937,0.68916583,0.0,2.0020108,0.9949604,0.4428195,0.0,0.0,0.0,1.2347752,0.049459018,0.0,0.06978861,0.0,2.155724,1.3032519,0.5996069,0.0,0.0,0.0,1.9166155,1.8070258,0.0
2.4865413,0.0,1.5444306,1.706157,0.0,0.06511529,0.0,0.0,0.0,0.0,0.0,0.0,0.0,0.0,2.27515,0.0,0.40927228,0.0,0.0,0.0,0.0,1.4541945,0.13213319,0.0,0.026492856,1.8659289,0.9859642,1.87068,0.0,0.0,1.6367847,0.0,0.07408345,0.0,0.0,0.0,2.1567826,0.11927957,0.0,0.0,0.0,0.9937163,3.4552162,1.8831593,0.0,0.0,0.81407887,0.13333039,1.9901884,0.0
1.9559042,0.0,1.5099894,0.3109557,0.0,0.85590327,0.0,0.0,0.0,0.0,0.0,0.0,0.0,0.1644284,2.0868645,0.0,1.0809288,0.0,0.0,0.0,0.44178453,0.8892973,0.0,0.0,0.0,1.7930115,1.0340241,1.5387604,0.0,0.0,1.7156237,0.0,0.25874913,0.44140756,0.0,0.0,1.6963603,0.0,0.0,0.0,0.0,1.3303969,1.2366458,1.7774962,0.0,0.0,0.0,2.065199,1.8628141,0.0
3.0391753,0.0,1.5955353,0.0,0.0,1.3154694,0.0,0.0,0.0,0.0,0.0,0.0,0.0,0.0,1.5117562,0.0,1.5075916,0.0,0.0,0.0,0.0,0.047753636,0.0,0.0,0.0,1.2572834,0.0,1.1904296,0.0,0.0,2.0924463,0.0,0.835589,0.76113933,0.0,0.0,2.435887,0.0,0.0,0.0,0.0,1.3403511,0.10442279,2.646286,0.0,0.0,0.0,2.6357534,2.1491923,0.0
2.7718806,0.0,2.0918438,0.9395548,0.0,0.17913343,0.0,0.0,0.0,0.0,0.0,0.0,0.0,0.0,1.7096679,0.0,0.21906441,0.0,0.0,0.0,0.038167775,2.314615,0.095386274,0.0,0.5809708,1.6812986,0.4721064,2.581843,0.0,0.0,2.2434409,0.0,0.0,0.0,0.0,0.0,3.441004,0.0,0.0,0.0,0.0,1.3853626,3.9380972,1.9948822,0.0,0.0,1.0112197,0.0,2.813062,0.0
2.8399892,0.0,2.4261916,0.0,0.0,1.1919682,0.0,0.0,0.0,0.0,0.0,0.0,0.0,0.0,1.2371329,0.0,1.209023,0.0,0.0,0.0,1.1758224,1.9190032,0.0,0.0,0.29860002,2.0212686,0.0,2.197312,0.0,0.0,2.2012491,0.0,0.0,0.0,0.0,0.0,3.1066618,0.0,0.0,0.0,0.0,1.811512,1.7856882,1.7997938,0.0,0.0,0.0,1.6900024,2.3413038,0.0
0.695406,0.81618637,0.0,0.5278171,0.0,1.753065,0.0,0.0,0.0,0.0,0.5830554,0.57024944,0.0,3.0827394,1.1978426,0.0,1.6741209,0.0,0.0,0.0,0.0,0.0,0.0,0.047641665,0.0,1.1787051,0.56416845,1.0884905,1.8498536,0.57707447,1.4902596,0.0,0.0,1.8446403,0.0,0.0,1.3754625,0.0,0.0,0.0,0.0,0.73275083,0.0,2.2184289,0.0,1.4865135,0.45450965,1.2020668,0.0,0.07666884
0.0,0.0,0.6007636,0.0,0.0,1.9423981,0.0,0.0,0.0,0.0,2.9092205,0.0,0.0,2.697416,0.0,1.8242116,1.4743359,0.0,0.500756,1.5274625,2.4212756,0.0,0.0,0.019585354,0.0,0.0,0.56303126,1.8097364,1.6543926,1.3951871,0.27981567,0.0,0.0,2.1697247,0.0,0.0,1.143907,0.0,0.0,1.1970674,0.0,0.19249184,1.1697416,0.13265386,0.9143396,0.0,0.62162447,0.0,0.16034378,0.19347262
0.54760754,0.8164955,1.6584433,0.0,0.0,1.5341469,0.0,0.0,0.0,0.0,1.2678348,0.0,0.0,3.6032233,1.2803922,1.2530081,1.2340561,0.0,0.4006218,1.3069408,0.26766413,0.0,0.0,0.0,0.0,2.1533527,0.69381905,1.7836034,2.3250272,0.6573632,1.8014404,0.078067906,0.0,0.59507513,0.0,0.0,0.78781056,0.0,0.0,0.50199914,0.0,1.2149098,0.0,0.21533898,0.4366476,1.4635962,0.37370104,1.8531991,0.0,0.6931877
1.365272,0.0,1.0816495,0.14986216,0.0,2.5963895,0.0,0.0,0.0,0.0,0.36794588,0.0,0.0,3.100607,1.211587,0.84737706,1.998001,0.0,0.0,1.36898,0.10067497,0.0,0.0,0.34199575,0.0,0.7686863,0.22608943,0.7464435,2.922661,0.0,2.439489,0.0,1.109241,1.8793949,0.0,0.0,0.9656837,0.0,0.0,0.0,0.0,1.8036892,0.0,1.7174351,0.0,0.1556502,0.39275455,1.9774771,0.0,0.20553112
0.0,0.0,1.045467,0.0,0.0,1.9623963,0.0,0.3358381,0.0,0.0,2.4591045,0.0,0.13576634,3.6858037,0.0,3.06255,1.9793801,0.072955765,1.4592327,2.1841471,1.7276117,0.0,0.0,0.026656015,0.16710931,0.8698891,0.0,1.9371635,1.9983516,0.45828542,1.0190344,0.57746524,0.0,0.39998847,0.0,0.6409966,0.79730654,0.0,0.0,0.41209033,0.0,1.2299395,0.08205369,0.0,1.6675253,1.1903121,1.4153676,0.0,0.0,1.0669295
1.0571712,0.26826814,1.2088535,0.0,0.0,1.3561041,0.0,0.0,0.0,0.0,0.17769492,0.0,0.0,1.6534115,1.7073168,0.0,1.0173846,0.0,0.0,0.37769407,0.0,0.0,0.2729299,0.0,0.0,0.50869006,1.5232211,1.7695116,0.17215426,1.3883731,2.104378,0.24530685,0.42586312,2.1508172,0.0,0.0,1.4081297,0.0,0.0,0.0,0.0,0.7709066,0.0,1.5688988,0.0,0.7095722,2.6551394,1.2904191,0.42281651,0.0
0.0,0.0,1.1159738,0.0,0.0,2.628795,0.0,0.0,0.0,0.0,1.4303942,0.0,0.1736058,2.372046,0.0,2.632141,2.502749,0.0,0.0,3.1983755,0.0,0.0,0.0,0.37045512,0.5362473,0.53971297,0.6155846,1.8045901,1.1230555,0.0,2.5553937,2.6958208,1.038618,0.45087734,0.0,0.49917048,0.18969522,0.0,0.0,0.78744227,0.0,1.9979562,0.076487154,0.0,0.0,0.0,1.8592223,0.78673524,1.7970771,1.2103164
0.1851478,1.301692,1.5362612,0.0,0.0,1.44824,0.0,0.0,0.0,0.0,1.8513969,0.04741621,0.0,2.638041,1.2662812,0.55613,0.39470124,0.0,0.0,1.245426,0.0,0.0,0.0,0.0,0.0,1.8783628,0.87745196,2.556068,2.152701,1.5005661,1.6082278,0.0,0.0,1.0034331,0.0,0.0,1.8354646,0.0,0.0,0.32723907,0.0,1.1212317,1.2150756,0.7385953,0.071990974,1.9738429,1.4986899,0.5911718,0.0,0.3941236
1.5356396,1.0448595,1.846341,0.0,0.0,1.7391279,0.0,0.0,0.0,0.0,1.5905043,0.40177795,0.08604524,2.5286493,0.38297206,1.2834389,1.5179958,0.0,0.0,1.7760838,0.36199433,0.0,0.0,0.0,0.0,1.5423484,0.0,1.559088,1.6236421,0.22520715,2.3390095,0.0,0.0,0.44905278,0.0,0.0,1.7975072,0.0,0.0,0.0,0.0,1.2841829,0.0,0.5115053,0.029006751,1.6403157,0.5794499,1.18607,0.17315224,0.358329
0.0,0.0,0.46258587,0.32475698,0.0,2.2709486,0.0,0.0,0.0,0.0,1.1105155,0.0,0.0,2.260913,0.6157474,1.3435196,1.8522865,0.0,0.0,2.2457817,0.0,0.0,0.0,0.58503985,0.17695507,0.38192,1.284609,1.8018277,0.8472598,0.02506454,1.9851024,2.2966373,1.2195852,1.1674728,0.0,0.60816157,0.11019645,0.0,0.0,0.0,0.0,1.5772746,0.0,0.18791878,0.0,0.3775574,2.8887384,0.4643131,1.3699163,1.0444052
0.65543145,0.09370375,1.44194,0.0,0.0,2.0063868,0.0,0.0,0.0,0.0,0.34775913,0.0,0.0,1.8606106,0.5864786,0.87277144,1.6929332,0.0,0.0,2.3630452,0.0,0.0,0.0,0.0,0.21642171,1.3621355,0.69214165,1.5024649,0.79401875,0.04352164,2.519607,0.38899416,0.6593757,0.7361835,0.0,0.42558965,0.8568945,0.0,0.0,0.0,0.0,1.5804281,0.0,0.49925113,0.0,0.45550084,0.3323528,1.8131553,1.4659531,0.7962908
0.0,0.8247077,2.4089313,0.23971769,0.0,0.73111016,0.0,0.0,0.08624813,0.9817848,2.8203847,0.0,0.0,0.75375724,0.7452435,0.0,0.39468434,0.0,0.0,0.0,0.55588776,1.4460622,0.0,0.0,0.0,0.28132188,0.0,2.4700646,0.0,0.55946445,0.40116093,0.0,0.0,1.8707932,0.0,0.0,2.2131605,0.0,0.0,0.6495892,0.48470223,0.60852677,1.1828882,1.2655718,0.15651023,0.0,0.0,0.0,0.0,0.49750096
0.1554626,0.0,1.1980449,2.4301229,0.0,0.8279732,0.0,0.7133976,0.9937855,0.14153902,2.0228071,0.0,0.0,0.4486718,1.0249015,0.0,0.5671945,0.0,2.2929785,0.0,0.0,0.0,0.0,0.0,0.0,0.0,0.0,1.3709221,0.677126,0.0,0.11362235,0.0,0.20245796,1.0825422,0.0,0.0,0.5356077,0.0,0.10906611,0.0,1.364641,1.03711,0.0,0.5749513,1.521841,0.0,0.0,0.0,0.0,1.3380648
0.807694,0.0,0.0,1.1852584,0.88491666,1.5268484,0.0,1.9734614,1.599358,0.0,1.2919661,0.0,0.0,0.0,0.57348335,0.23395528,1.504106,0.0,1.8201388,1.236725,0.0,0.0,0.0,0.21178,0.0,0.0,0.0,0.7315885,1.5263134,0.0,0.8638572,1.6961048,2.823808,0.32043627,2.0471172,0.26513144,0.0,0.0,0.0,0.41476154,0.90006924,1.8994039,0.0,0.082606584,0.73664314,0.0,0.0,0.0,0.10719014,2.5445487
0.92428994,0.0,0.053849597,0.90560937,0.0,1.3845863,0.0,0.5434815,0.510523,0.0,1.3156753,0.0,0.0,0.0,0.961376,0.0,1.137586,0.0,1.010839,0.0,0.0,0.0,0.0,0.2705467,0.0,0.0,0.0,0.4516212,1.6965804,0.0,0.6293393,0.82394505,2.0402908,1.42957,0.267054,0.0,0.12830909,0.0,0.8771701,0.0,1.1475421,1.5784011,0.0,1.1829424,0.0,0.0,0.0,0.0,0.0,1.5968444
1.2074429,0.0,0.0,1.2049633,0.15184934,0.9235523,0.0,1.1221087,1.025579,0.0,1.7012335,0.0,0.0,0.0,0.74687225,0.32096434,0.8824453,0.0,0.6287041,0.0,0.0,0.0,0.1594309,0.65095484,0.0,0.0,0.0,0.1256639,1.2558861,0.0,0.50245345,1.6541735,2.30126,0.88927907,0.9551915,0.0,0.0,0.0,0.46420026,0.0,0.5671136,1.295864,0.0,0.41322997,0.3269533,0.038701106,0.15040436,0.0,0.0,2.398842
0.64995825,0.0,0.03622641,1.8818861,0.0,1.3774902,0.0,1.0324991,0.71741897,0.0,1.2652841,0.0,0.0,0.0,0.66803694,0.15338498,1.2767488,0.0,1.1561528,0.0,0.0,0.0,0.0,0.70216894,0.0,0.0,0.0,0.025157534,1.2920709,0.0,0.881673,0.90521085,2.5371618,0.88134706,1.1171741,0.0,0.0,0.0,0.51466835,0.0,0.97449136,1.690657,0.0,0.54334337,0.0,0.0,0.0,0.0,0.0,1.9512129
0.4792565,0.0,0.0,1.6590915,0.0,1.7249246,0.0,0.78912413,0.577575,0.0,1.2378198,0.0,0.0,0.0,1.2092776,0.0,1.1929361,0.0,1.5529425,0.0,0.0,0.0,0.0,0.60317737,0.0,0.0,0.0,0.29953906,2.2218032,0.0,0.53646386,0.54351765,2.2069967,1.4811449,0.58736,0.0,0.0,0.0,0.98027986,0.0,1.3733476,1.8407174,0.0,1.2966634,0.0,0.0,0.0,0.0,0.0,1.6259634
0.6151313,0.0,0.0,1.0524002,0.74342114,1.4378773,0.0,1.8993384,1.6515356,0.0,1.269396,0.0,0.12147744,0.0,1.1457782,0.5423221,1.139476,0.0,1.8929098,1.4183265,0.0,0.0,0.0,0.29354343,0.0,0.0,0.1662257,0.6373676,2.037845,0.0,0.47144035,1.6229172,2.6216834,0.68184674,1.7245789,0.0,0.0,0.0,0.40274066,0.26691315,1.0071388,1.6545123,0.0,0.3167052,0.7801317,0.65902513,0.0,0.0,0.0,2.5101109
0.91457576,0.0,0.0,1.220247,0.18905097,1.0625955,0.0,1.0580288,0.8654911,0.0,1.4444782,0.0,0.0,0.0,0.67709917,0.43033376,0.97862667,0.0,0.84434605,0.0,0.0,0.0,0.0,0.6917756,0.0,0.0,0.0,0.051649112,1.2226338,0.0,0.6595517,1.190121,2.3370762,0.91353744,0.8808441,0.0,0.0,0.0,0.78586584,0.0,0.7946973,1.3582908,0.0,0.50504225,0.0,0.0,0.0,0.0,0.0,2.0644047
0.79900855,0.0,0.0,1.4570518,0.66657823,1.0530046,0.0,1.7319826,1.3312945,0.0,1.4481071,0.0,0.25832874,0.0,0.5467294,0.65314114,1.1630155,0.0,1.2479906,0.67940265,0.0,0.0,0.0,0.6793225,0.0,0.0,0.0,0.027919257,1.1414005,0.0,0.6365434,1.5615771,2.66584,0.3255197,1.6812034,0.0,0.0,0.0,0.3918632,0.23964733,0.7289794,1.4774921,0.0,0.0,0.5993935,0.14155613,0.0,0.0,0.0,2.469363
0.08984469,0.0,0.20991422,2.072575,0.0,0.8159787,0.0,0.0,0.17037828,0.37048873,2.3571503,0.0,0.0,0.0,1.0350692,0.0,0.0044534476,0.0,1.5991626,0.0,0.19509435,0.0,0.0,0.0,0.0,0.0,0.0,0.86387134,0.0,0.0,0.0,0.0,0.0,2.387739,0.0,0.0,1.0406768,0.0,0.8840324,0.0,1.4419682,0.23533845,0.0,1.2124637,1.4587803,0.0,0.0,0.0,0.0,0.65002924
0.017993165,0.0,0.0,1.2673132,0.0,1.1706488,0.0,0.0,0.55533504,0.72747374,2.2084851,0.0,0.0,0.17829317,1.5889553,0.0,0.3992373,0.0,2.460227,0.0,0.4440428,0.0,0.0,0.0,0.0,0.0,0.0,1.1098953,1.1685511,0.0,0.0,0.0,0.0,1.9952904,0.0,0.0,1.0390483,0.0,0.6430225,0.0,1.7446792,0.6701638,0.0,1.3583605,1.1161602,0.4413298,0.0,0.21093576,0.0,0.68007296
1.2638433,0.0,0.2522119,0.32610866,0.0,0.87566966,0.0,0.0,0.0,0.0,0.0,0.0,0.0,0.0,1.3249965,0.23248555,1.2419847,0.0,0.0,0.0,0.0,0.0,1.1645082,0.0,0.0,0.02283211,0.5408821,0.8202405,0.0,0.037491765,1.708875,0.5269035,1.5405425,0.6161598,0.0,0.0,0.8036369,0.037309512,0.0,0.0,0.07936398,0.7604166,0.0,1.2252859,0.0,0.4077087,2.638011,0.76874566,0.41041052,0.0
0.0,0.0,0.40348983,2.566255,0.0,0.8608573,0.0,0.55709696,0.83637714,0.016242305,2.1506746,0.0,0.0,0.7687938,1.467335,0.0,0.0,0.0,2.4187257,0.0,0.0,0.0,0.0,0.0,0.0,0.0,0.0,1.1329119,0.4169515,0.0,0.0,0.0,0.06957218,1.7659732,0.0,0.0,0.76515573,0.0,1.4418404,0.0,1.5776312,0.7512047,0.0,0.94226176,1.4740219,0.0,0.0,0.0,0.0,1.1568353
0.5224015,0.0,0.0,1.7323048,0.093655586,1.467146,0.0,1.3560271,0.98984104,0.0,1.2847029,0.0,0.0,0.0,0.80542153,0.4532668,1.1624669,0.0,1.7498982,0.09769581,0.0,0.0,0.0,0.67481184,0.0,0.0,0.0,0.19271737,1.4554268,0.0,0.67671204,0.63205653,2.4573824,0.90509087,1.0764768,0.0,0.0,0.0,1.0455054,0.0,1.2242957,1.6615889,0.0,0.6403192,0.080622315,0.0,0.0,0.0,0.0,1.9183196
0.6372761,0.0,0.0,1.3641207,1.0375452,1.2834742,0.0,2.1978886,1.6523191,0.0,1.297364,0.0,0.25971088,0.0,0.534487,0.9997021,1.2827125,0.0,2.0054486,1.1348108,0.0,0.0,0.0,0.5310639,0.0,0.0,0.0,0.32456347,1.1789452,0.0,0.73020357,1.4305217,2.806661,0.13787383,1.9215109,0.0,0.0,0.0,0.7175142,0.62851757,0.99298686,1.6308447,0.0,0.0,0.95059794,0.032769334,0.0,0.0,0.0,2.544544
0.8266267,0.0,0.0,1.6332043,0.6169009,1.1103307,0.0,1.4300536,1.0629518,0.0,1.40265,0.0,0.0010853184,0.0,0.27165642,0.8768329,1.0890552,0.0,1.2790554,0.25018746,0.0,0.0,0.0,0.7412229,0.0,0.0,0.0,0.028160885,0.60638136,0.0,0.89551306,0.92379093,2.546733,0.36436537,1.3750138,0.0,0.0,0.0,0.6243448,0.15330966,0.7694673,1.4284431,0.0,0.0,0.5055717,0.0,0.0,0.0,0.0,2.1441402
0.47084582,0.0,0.0,0.4179683,0.83060795,0.7037366,0.0,1.6498704,1.1513711,0.0,0.57477975,0.0,0.21013828,0.18306206,0.4884541,0.0,0.8803406,0.0,0.25088438,1.0549452,0.0,0.0,0.0,0.43175405,0.0,0.0,0.6865076,0.0,2.347137,0.0,0.33825335,3.214109,2.1625452,0.21263777,1.7655307,0.45857245,0.0,0.0,0.0,0.8677144,0.28032082,1.3484067,1.0348014,0.07674251,0.0,0.6704991,0.5000056,0.0,0.0,2.1560676
0.23393129,0.0,0.0,1.1769968,0.0,0.5218671,0.6532471,0.50782025,0.4226077,0.16167529,1.3199089,0.0,0.0,0.0,1.3153757,0.0,0.0,0.0,0.7664605,0.0,0.0,0.51832986,0.5842468,0.0,0.0,0.0,0.9278082,0.28688812,1.243776,0.0,0.0,0.56368446,0.0,1.3037115,0.20041925,0.0,0.0,0.44666657,0.0,0.0,0.53796595,0.09320199,0.8869299,0.62339,1.4059705,0.0,0.0,0.0,0.0,0.878825
0.0,0.0,0.0,1.4518974,0.0,0.52456033,0.14648473,0.4801965,0.6334079,0.15971486,1.7549303,0.0,0.0,0.0,1.554028,0.0,0.0,0.0,0.93770254,0.0,0.0,0.6771634,0.88423973,0.0,0.0,0.0,0.3630337,0.73161346,0.9942489,0.0,0.0,0.87075436,0.0,1.481089,0.0,0.0,0.033420607,0.57703644,0.0,0.0,0.85677505,0.29423314,0.37407547,1.1312054,1.2215303,0.0,0.0,0.0,0.0,0.8081866
0.0,0.11660949,0.0,0.9415409,0.0,0.95191157,0.0,0.0,0.773505,0.6386004,1.798495,0.0,0.0,0.34541637,1.6153767,0.0,0.1952364,0.0,2.2603586,0.0,0.0,0.0,0.0,0.0,0.0,0.0,0.0,0.92960614,1.3406224,0.0,0.0,0.16620786,0.03728817,1.769359,0.0,0.0,0.45359215,0.0,0.40087315,0.0,1.5392225,0.48665512,0.0,1.0893068,1.4328729,0.7154174,0.0,0.07264974,0.0,0.989635
0.0,1.0977206,0.4611117,1.5445307,0.0,0.41847536,0.0,0.0,0.31560352,0.36461294,1.5640174,0.0,0.09479964,0.7209893,1.3581,0.0,0.0,0.0,0.7742487,0.0,0.0,0.2420933,0.24440531,0.0,0.0,0.31372216,0.0,0.74817926,0.24426436,0.9513259,0.0,0.0,0.0,1.0415963,0.0,0.0,0.36445773,0.0,0.0,0.0,0.79561794,0.4521451,0.0,0.403782,1.0393038,0.9449613,0.0,0.0,0.0,1.1676748
0.0,0.7231926,0.5638087,1.3273598,0.0,0.3057924,0.0,0.0,0.0,0.41380802,1.7327149,0.0,0.0,0.20715924,0.65875256,0.0,0.0,0.13148111,0.24187982,0.0,0.0,0.1477775,0.3437382,0.0,0.0,0.0,0.0,0.4583864,0.0,1.0324947,0.0,0.0,0.0,1.762403,0.0,0.0,0.4841297,0.0,0.09215899,0.0,0.99431,0.0,0.0,0.49037915,1.0288645,0.0,0.0,0.0,0.0,0.9054339
0.0,0.89743334,0.32867265,1.2332711,0.0,0.50645185,0.0,0.0,0.0,0.37894255,1.2106891,0.0,0.0,0.46670523,0.94089687,0.0,0.0,0.0,0.2971923,0.0,0.0,0.0,0.36068982,0.0,0.0,0.3490437,0.0,0.35209176,0.0,1.2564118,0.0,0.0,0.0,1.6059232,0.0,0.0,0.36838388,0.0,0.0,0.0,0.9638818,0.12598924,0.0,0.5860208,0.7390211,0.53862834,0.0,0.0,0.0,0.85994774
0.0,0.894245,0.9755854,1.5732148,0.3399966,0.0,0.0,0.30275056,0.23227902,0.0,0.6254947,0.0,0.0,0.56325835,0.7999329,0.0,0.0,0.0,0.37226564,0.0,0.0,1.0252316,0.2189835,0.0,0.0,0.0,0.0,0.83705354,0.0,0.4344292,0.44970325,0.30702335,0.02122867,0.29912946,0.0,0.0,0.5824757,0.0,0.06682754,0.31097835,0.9526731,0.39556697,0.0,0.0,0.0,0.0,0.0,0.0,0.0,0.6535094
0.0,0.3500258,0.0,1.3967094,0.0,0.746283,0.0,0.0,0.0,0.27445358,1.0265919,0.23031358,0.0,0.072481275,1.0966996,0.0,0.0,0.0,0.3571069,0.0,0.0,0.0,0.43435368,0.0027227306,0.0,0.0,0.0,0.3993928,0.16569534,0.7164223,0.0,0.0,0.0,1.7637829,0.0,0.0,0.73694193,0.0,0.5029881,0.0,1.3442744,0.35347128,0.0,1.1478459,0.11168436,0.5097446,0.0,0.09705328,0.0,0.58217984
0.0,0.6858865,0.22409134,1.3331007,0.0,0.6570388,0.0,0.0,0.0,0.4855877,1.2411922,0.112715654,0.0,0.15189047,1.0217344,0.0,0.0,0.0,0.57451624,0.0,0.0,0.0,0.24832289,0.0,0.0,0.0,0.0,0.52264786,0.0,0.7914449,0.0,0.0,0.0,1.5912478,0.0,0.0,0.7484665,0.0,0.5168689,0.0,1.2933284,0.35557938,0.0,0.87774706,0.39885017,0.53605026,0.0,0.051248226,0.0,0.6681884
0.0,0.5107094,0.0,1.5170037,0.0,0.36739993,0.0,0.0,0.0,0.19211417,0.8641498,0.24867843,0.0,0.03738142,0.78303516,0.0,0.0,0.0,0.14049648,0.0,0.0,0.0,0.7340092,0.04385549,0.0,0.0,0.0,0.04864288,0.0,1.1689798,0.0,0.0,0.0,1.6078503,0.0,0.0,0.32445374,0.0,0.3762335,0.0,0.9878891,0.0,0.0,0.6436606,0.68452626,0.2491979,0.0,0.0,0.0,0.6845332
0.0,0.82178444,0.35971653,0.92384374,0.0,0.29061523,0.0,0.0,0.0,0.67290616,1.0190072,0.0,0.0,0.0065086866,0.6105203,0.0,0.0,0.17397377,0.14112619,0.0,0.0,0.4872968,0.5197355,0.0,0.0,0.0,0.0,0.26537314,0.0,1.0333925,0.0,0.0,0.0,1.383913,0.0,0.0,0.30323866,0.0,0.17089827,0.0,1.0938567,0.0,0.0,0.3348446,0.4426697,0.07999962,0.0,0.0,0.0,0.62073195
0.0,0.31492794,0.0,1.0601128,0.0,0.69400024,0.0,0.0,0.0,0.41874292,0.5919509,0.34426084,0.0,0.0,1.0198277,0.0,0.0,0.0,0.3117778,0.0,0.0,0.0,0.34108254,0.024145637,0.0,0.0,0.0,0.26375785,0.118326925,0.6399551,0.0,0.0,0.0,1.5764107,0.0,0.0,0.6706587,0.0,0.24277534,0.0,1.3765395,0.29781124,0.0,1.0713005,0.0,0.5412815,0.0,0.6323575,0.0,0.27199027
0.0,0.7455475,0.2772962,1.1548513,0.0,0.19417796,0.0,0.0,0.13829015,0.704413,0.97064465,0.0,0.0,0.5593448,0.7899699,0.0,0.0,0.0,0.2910219,0.0,0.0,0.77050185,0.2969055,0.0,0.0,0.07602259,0.0,0.5284983,0.0,0.86313057,0.0,0.0,0.0,0.8552666,0.0,0.0,0.44182977,0.0,0.40525612,0.0,0.7455674,0.1819938,0.0,0.4408241,0.28707215,0.33450374,0.0,0.0,0.0,0.6087958
0.0,0.6215755,0.76131225,0.7287036,0.0,0.5926117,0.0,0.0,0.0,1.0024728,0.8968183,0.0,0.0,0.0,0.72844064,0.0,0.35615698,0.14643987,0.58887935,0.0,1.2711585,0.00932392,0.0,0.0,0.0,0.0,0.0,0.47926104,0.0,0.0053611225,0.0,0.0,0.0,1.4135097,0.0,0.0,1.1107091,0.0,0.3799676,0.0,1.7137465,0.31182352,0.0,0.72077453,0.0,0.15709098,0.0,0.9502481,0.0,0.0
0.028987667,0.53090113,0.0,1.5920339,0.0,0.0,0.04371821,0.0,0.0,0.41027302,0.9460492,0.482368,0.2116105,0.0,0.33633655,0.25108233,0.0,0.029253583,0.0,0.0,0.0,0.9163012,1.2850934,0.2298955,0.0,0.0,0.6482473,0.0,0.0,1.2594794,0.0,0.0,0.0,1.0714777,0.0,0.0,0.0,0.0,0.36303586,0.0,0.37062052,0.0,0.15281269,0.4272715,1.0579244,0.057265144,0.63253695,0.0,0.0,0.65753216
0.0,0.65091175,0.47715867,1.2793608,0.0,0.4006243,0.0,0.0,0.0,0.6091059,0.2316765,0.012387196,0.0,0.3218342,0.8362206,0.0,0.040584505,0.024647782,0.6320845,0.0,0.2378247,0.0,0.0,0.0,0.0,0.0,0.0,0.18050782,0.0,0.46067786,0.0,0.0,0.29635766,1.0118822,0.0,0.0,0.22980507,0.0,0.0,0.0,1.2494646,0.17959803,0.0,0.39158386,0.040485617,0.54981196,0.0,0.82444435,0.0,0.36611474
0.0,0.59735805,0.0,0.96169865,0.0,0.19317703,0.0,0.0,0.0,0.47846416,0.30185795,0.36831692,0.35244,0.0,0.73434526,0.3350038,0.0,0.01760054,0.3516632,0.0,0.0,0.106825255,0.59477603,0.0,0.0,0.0,0.30416423,0.0,0.0,1.1865351,0.0,0.0,0.0,1.0480736,0.0,0.0,0.09277568,0.06766793,0.004413079,0.0,0.9461055,0.0,0.0,0.36191037,0.42841303,0.6506911,0.2483466,0.07063014,0.0,0.49591696
0.0,1.0578208,0.0,1.0757343,0.2506624,0.0,0.0,0.0,0.1972741,0.83912295,0.5669057,0.0,0.4985285,0.58703315,0.5635655,0.57145417,0.0,0.1106613,0.323013,0.0,0.0,0.8923248,0.41822866,0.0,0.0,0.115165405,0.6926325,0.057559915,0.0,1.1890415,0.0,0.21767944,0.008675438,0.48579162,0.0,0.0,0.0,0.44517994,0.0,0.48181418,0.522057,0.0,0.5900555,0.0,0.9633649,0.61569136,0.0,0.0,0.0,0.6393627
0.0,1.0349773,0.0,1.0071957,0.40629295,0.07157629,0.0,0.0,0.3961509,0.7295699,0.2232258,0.0,0.7083335,0.67710537,0.79099745,0.80007124,0.0,0.0717824,0.7766496,0.29976714,0.0,0.0034651677,0.020745486,0.0,0.0,0.026043972,0.89556724,0.12339059,0.032710385,1.0042392,0.0,0.27123323,0.47453865,0.5566733,0.25929916,0.0,0.0,0.42204612,0.0,0.3976005,0.84322053,0.0,0.0,0.0,0.8484414,1.1195633,0.0,0.33435297,0.0,0.8032693
0.0,1.099293,0.0,0.7325312,0.060470108,0.0,0.10628755,0.0,0.23650223,0.98378813,0.91902655,0.0,0.43300453,0.3363194,0.50944996,0.3512136,0.0,0.17046699,0.5539293,0.0,0.0,0.53227705,0.26417673,0.0,0.0,0.0,0.5491604,0.21269546,0.0,1.1689298,0.0,0.035661247,0.0,0.7124754,0.0,0.0,0.0,0.3746028,0.0,0.2511069,0.62740254,0.0,0.34569642,0.044140186,1.2972107,0.5609797,0.0,0.0,0.0,0.6500843
0.16576625,0.8576153,0.0,0.58939,0.25831205,0.020186411,0.0,0.0,0.43735686,0.9944939,0.62391484,0.26295346,0.6961987,0.4557373,0.7037041,0.6712066,0.0,0.0,0.52321726,0.26792967,0.0,0.2714306,0.15387316,0.0,0.0,0.0,1.0873561,0.20127645,0.46625537,0.66849893,0.0,0.0,0.0,0.5363173,0.005280232,0.0,0.05337657,0.42566442,0.0,0.65618426,0.5071283,0.0,0.35847303,0.38989475,0.76277494,1.2144471,0.0,0.12352257,0.0,0.460985
0.0,1.1695094,0.034169096,0.95189667,0.2921297,0.0,0.0,0.0,0.17787397,0.81776917,0.44095707,0.0,0.35023397,0.50258744,0.39050204,0.5474659,0.0,0.29609382,0.32021967,0.0,0.0,0.8293944,0.3901444,0.0,0.0,0.0,0.6014925,0.020934701,0.0,1.2876128,0.0,0.085123844,0.1076306,0.48479122,0.0,0.0,0.0,0.2827857,0.0,0.4872249,0.6981144,0.0,0.2813949,0.0,0.93966347,0.42822266,0.0,0.0,0.0,0.621874
0.0,1.0263208,0.0,0.60635203,0.48233142,0.002428207,0.0,0.0,0.45241076,0.9010246,0.34108585,0.050484847,0.7842697,0.5162844,0.67888373,0.7874297,0.0,0.085153826,0.6541265,0.3038614,0.0,0.0,0.028904073,0.0,0.0,0.0,0.9293408,0.0,0.012948477,0.8719155,0.0,0.0,0.397624,0.5162219,0.1294176,0.0,0.0,0.70293725,0.0,0.57696193,0.78630996,0.0,0.0,0.0,0.8175548,1.1680553,0.0,0.4420347,0.0,0.5672102
0.0,1.0361613,0.21196514,1.1557409,0.4876544,0.0,0.0,0.0,0.36713153,0.7286017,0.21035661,0.0,0.14276388,0.4401359,0.300633,0.33882508,0.023442002,0.40933233,0.34204075,0.0,0.0,0.9994283,0.13381532,0.0,0.0,0.0,0.1992613,0.0,0.0,0.7938255,0.0,0.40382707,0.356098,0.18725926,0.0,0.0,0.0,0.41749418,0.15110011,0.6529931,0.8727551,0.0,0.10471211,0.0,0.6639168,0.009647845,0.0,0.0,0.0,0.67496216
0.0,0.0,0.0,0.0,1.1017798,0.5851211,0.0,0.6022778,0.29875693,0.044264417,0.0,0.0,0.0,0.0,0.0,0.22711585,0.112501584,0.0,0.0,0.6244948,0.0,0.0,0.030775527,0.53654313,0.27307573,0.0,0.0,0.26197705,0.6192192,0.0,0.74002826,2.9408884,1.6006662,0.0,1.034276,0.7085487,0.0,0.21327035,0.0,0.5923341,0.39312568,1.0103986,0.0,0.0,0.0,0.0,1.4372216,0.0,0.0,1.4015154
0.0,1.1296791,0.0,0.70890313,0.29090622,0.0,0.09302988,0.0,0.1257815,0.7835839,0.0,0.21248227,0.5853123,0.49122187,0.34514084,0.8800299,0.0,0.44287956,0.40515462,0.0,0.117297746,0.54730296,0.3369946,0.0,0.0,0.0,1.0475811,0.0,0.0,1.3957876,0.0,0.0,0.23183051,0.5039112,0.08831732,0.0,0.0,0.30598757,0.0,0.35459822,0.69148993,0.0,0.0,0.0,0.7260493,0.6763027,0.10357818,0.2674372,0.0,0.46160668
0.0,1.1565754,0.0,0.6862054,0.34628192,0.0,0.13213313,0.0,0.33038896,0.8334521,0.21533631,0.0,0.6276401,0.35106057,0.36811382,0.74991107,0.0,0.3756248,0.5441437,0.0,0.0026816954,0.3275486,0.19889623,0.0,0.0,0.0,0.9230736,0.0,0.0,1.1686339,0.0,0.0,0.36640927,0.40985134,0.11616962,0.0,0.0,0.46553656,0.0,0.42487538,0.80377007,0.0,0.0,0.0,0.99049866,0.642441,0.0,0.1678143,0.0,0.57943124
0.021018917,0.8261187,0.0,0.8030826,0.0,0.0,0.19289371,0.0,0.06830461,0.6746866,0.13513844,0.5839378,0.48630694,0.22063892,0.1334622,0.78747314,0.0,0.36831582,0.109175116,0.0,0.0,0.45650694,0.52692574,0.25543302,0.0,0.0,1.2705522,0.0,0.0,1.2268852,0.0,0.0,0.0,0.6553098,0.050319813,0.0,0.0,0.009209775,0.02453555,0.17644645,0.5117785,0.0,0.0,0.15798002,0.6294508,0.46856466,0.5325224,0.0,0.0,0.3876527
0.0,1.0124971,0.0,0.76495606,0.3661926,0.0,0.0,0.0,0.29321265,0.8205645,0.0,0.27076247,0.7577817,0.52097404,0.522863,1.0893432,0.0,0.35854363,0.6365466,0.28712678,0.14863287,0.20070113,0.17229657,0.0,0.0,0.0,1.1380576,0.0,0.0,1.1965046,0.0,0.0,0.36475047,0.51307493,0.11642695,0.0,0.0,0.31506118,0.0,0.49708188,0.76582384,0.0,0.0,0.0,0.7004258,0.94992334,0.0,0.6440754,0.0,0.3151734
0.0,0.879402,0.0,0.4677776,0.20647304,0.0,0.14232215,0.0,0.020840334,0.7200659,0.0,0.42290166,0.5972823,0.25519916,0.3178029,0.92312026,0.0,0.48236036,0.4083448,0.08506664,0.25821492,0.27841908,0.35630476,0.061282914,0.0,0.0,1.1056297,0.0,0.0,1.3288132,0.0,0.0,0.23549928,0.4997594,0.13855259,0.0,0.0,0.2826614,0.04916779,0.17949149,0.7749529,0.0,0.0,0.0,0.37939984,0.5795117,0.20296438,0.48808798,0.0,0.257822
0.0,0.0,0.0,0.0,1.6430233,1.0538782,0.0,1.0261346,0.7110421,0.3290128,0.0,0.00513856,0.33858275,0.0,0.0,0.90263754,0.53482926,0.0,0.25186053,1.7150861,0.0,0.0,0.0,0.5051084,0.12636782,0.0,0.11589804,0.34659845,0.84206116,0.0,0.84137887,3.0048718,2.1432772,0.0,1.8103752,0.8751601,0.0,0.021024099,0.19900118,0.89852583,0.7412504,1.2138457,0.0,0.0,0.0,0.0,0.4530227,0.0,0.0,1.7743713
0.0,0.0,0.0,0.0,1.0392356,0.7018747,0.0,0.0,0.0,0.14542028,0.0,0.44041136,0.03908544,0.007952829,0.0,0.71054876,0.04856264,0.0,0.0,0.41467547,0.0,0.0,0.057964873,0.83766687,0.29686445,0.0,0.0,0.0,0.45611766,0.0,1.2023096,2.0782397,1.6419961,0.0,0.9327861,0.73394907,0.0,0.0,0.0,0.104624994,0.35518634,0.87609416,0.0,0.0,0.0,0.0,1.3589588,0.0,0.0,1.229131
0.0,0.36741126,0.5264388,0.8573818,0.4271031,0.0,0.0,0.5081431,0.4300689,0.05294577,0.0,0.08735601,0.49632752,0.97426516,0.25690052,0.9276946,0.0,0.3001185,0.5838991,0.0,0.635658,0.61127806,0.0027682765,0.0,0.313784,0.32294887,0.60561126,0.0,0.06543826,0.4683202,0.1265701,0.5885299,0.18398145,0.0,0.23902921,0.04711262,0.080643974,0.54291034,0.0,0.39103937,0.21886241,0.0,0.0,0.0,0.0,0.520728,0.07847665,0.04104659,0.0,0.0
0.0,0.83105576,0.35692346,0.3469783,0.62761754,0.0,0.10265012,0.0,0.056515362,0.5860247,0.0,0.12241098,0.27867398,0.2682853,0.17339063,0.6737771,0.0,0.7363404,0.43880922,0.0,0.8397329,0.45007238,0.13642405,0.0,0.0,0.0,0.050587557,0.0,0.0,0.99614197,0.0,0.0,0.36005878,0.20264456,0.0,0.0,0.05580848,0.39237058,0.02862186,0.31839958,0.83594984,0.0,0.0,0.0,0.0,0.25094062,0.0,0.7690453,0.0,0.0
0.0,0.9318456,0.0,0.11384765,0.5506178,0.0,0.28624853,0.0,0.41247237,0.76250404,0.0,0.049681462,0.75835645,0.17346519,0.09471917,0.7880996,0.006512144,0.4837028,0.30864447,0.33535963,0.18514244,0.15755281,0.14333841,0.04463257,0.0,0.0,1.0504321,0.0,0.0,0.85418874,0.0,0.0,0.6718513,0.0,0.38386768,0.0,0.0,0.7792175,0.0,0.5164087,0.8062347,0.0,0.0,0.0,0.32325476,0.5661271,0.0008106419,0.37155548,0.0,0.43311152
0.31289223,0.5321469,0.0,0.56496817,0.0,0.0,0.64085925,0.5617398,0.14069061,0.6725917,0.5349384,0.22980648,0.3008821,0.0,0.0,0.0,0.0,0.23085313,0.0,0.0,0.0,1.5385575,1.1709346,0.26402852,0.13047512,0.0,1.6893858,0.0,0.0,0.8137886,0.0,0.0,0.0,0.07744262,0.030667707,0.0,0.0,0.0,0.034546845,0.38167182,0.3040193,0.0,0.3040631,0.0,1.1193503,0.0,0.9855295,0.0,0.0017171118,0.18836087
0.0,0.93402886,0.0,0.6662577,0.17115165,0.0,0.2732766,0.0,0.0924748,0.68342596,0.0,0.19758713,0.50622517,0.0,0.0,0.6967605,0.0,0.59193516,0.27227044,0.0,0.13257784,0.7156166,0.5275568,0.23488794,0.0,0.0,1.2812376,0.0,0.0,1.2972937,0.0,0.0,0.25160357,0.212076,0.14391498,0.0,0.0,0.2002088,0.32114935,0.26444232,0.775429,0.0,0.0,0.0,0.6352221,0.0,0.31718606,0.0,0.0,0.23222815
0.0,0.7813773,0.36044946,1.2489746,0.50456506,0.0,0.008819546,0.23189908,0.1366818,0.37098283,0.0,0.04478577,0.24343042,0.0,0.0,0.8408723,0.0,0.53258836,0.33214018,0.0,0.38934126,0.5839151,0.5405802,0.3658345,0.06710719,0.0,0.24261537,0.0,0.0,0.46352878,0.024523856,0.0,0.5489842,0.0,0.21359937,0.28839964,0.0,0.06263437,0.78437144,0.27383664,0.80143416,0.0,0.0,0.0,0.68503,0.07451909,0.0,0.03761595,0.16281249,0.083209574
0.0,0.8630034,0.0,0.5110219,0.29387456,0.0,0.46243343,0.44345766,0.30166307,0.66668636,0.17087398,0.067926146,0.32768607,0.5676695,0.0,0.502006,0.0,0.56500685,0.25092256,0.0,0.7775773,1.4701741,0.45129684,0.21286975,0.38249457,0.0,0.84196293,0.0,0.0,0.73603,0.0,0.41581002,0.0,0.0,0.17413363,0.4045843,0.0,0.52467537,0.5729034,0.71014655,0.19154315,0.0,0.4548515,0.0,0.35372904,0.3277435,0.0,0.0,0.0,0.22499675
0.0,0.6543225,0.0,0.0,0.6292486,0.0,0.39593235,0.0,0.44329816,0.65124935,0.0,0.21834162,0.8239778,0.0,0.0,0.95525855,0.0,0.6356319,0.20015818,0.51316607,0.36074406,0.27508178,0.18678641,0.1830583,0.12037539,0.0,0.98795986,0.0,0.0,0.8107711,0.0,0.0,0.5666906,0.0,0.44506198,0.054245878,0.0,0.6754664,0.05220537,0.7038319,0.5850125,0.0,0.01009609,0.0,0.04372816,0.5133466,0.11492905,0.35382354,0.0,0.24097274
0.0,0.48667678,0.0,0.0,0.43848905,0.0,0.36570543,0.0,0.0,0.47291416,0.0,0.79734117,0.46096653,0.0,0.0,0.5768432,0.0,0.7008522,0.0,0.019491972,0.0,0.2915499,0.85030043,0.3575068,0.06320297,0.0,1.0758933,0.0,0.0,1.2207036,0.0,0.0,0.17925158,0.16526641,0.10567314,0.0,0.0,0.2864729,0.07700144,0.12838575,0.76831746,0.0,0.0,0.0,0.01771431,0.0,0.4505973,0.55581474,0.0,0.0
0.0,0.81923664,0.0,0.20384414,0.5527544,0.0,0.16861433,0.0,0.027577948,0.51676625,0.0,0.33840513,0.57110655,0.0,0.0,0.8585609,0.0,0.7325417,0.0,0.22290981,0.13147177,0.39858925,0.44915158,0.20400517,0.004117194,0.0,0.9241442,0.0,0.0,1.2498046,0.0,0.0,0.57798755,0.0004885007,0.26240456,0.0,0.0,0.31144848,0.0,0.38655695,0.81509435,0.0,0.0,0.0,0.011841682,0.22694783,0.26746967,0.5461805,0.0,0.23537916
0.0,0.5704833,0.15500002,0.3870864,0.86700404,0.0,0.0,0.0,0.0,0.23065674,0.0,0.30441013,0.5240053,0.0,0.0,0.68019634,0.07898444,0.43124053,0.0,0.51762664,0.0,0.76057386,0.48297688,0.24910775,0.2308013,0.0,0.4036621,0.0,0.0,0.54178363,0.20386286,0.35842216,0.8982451,0.0,0.39756587,0.3426968,0.0,0.552539,0.0,0.25229874,0.8797948,0.0,0.0,0.0,0.0,0.21093816,0.21096215,0.64200574,0.0,0.25327182
0.0,0.74930227,0.0,0.8458337,0.62415266,0.0,0.0,0.0,0.0,0.6332988,0.0,0.0990398,0.06387978,0.0,0.0,0.0,0.18581602,0.20464186,0.0,0.0,0.0,0.36122894,0.65984035,0.2801256,0.0,0.0,0.10968302,0.0,0.0,0.32084164,0.0,0.0,0.67452323,0.0,0.0,0.14186189,0.0,0.15497722,0.0,0.27146292,1.2558736,0.0,0.0,0.0,0.14690395,0.0,0.0,0.0,0.26696035,0.3296802
0.0,0.4791101,0.0,1.027141,0.0,0.0,0.6426151,0.71935624,0.0,0.55992275,0.12271762,0.37834093,0.04195873,0.0,0.0,0.0,0.0,0.123103306,0.0,0.0,0.0,1.7423189,1.3861263,0.3569509,0.34301198,0.0,1.6170342,0.0,0.0,0.4836472,0.0,0.0,0.0,0.11245037,0.0,0.0,0.0,0.097648025,0.0,0.22696696,0.26552463,0.0,0.0,0.0,0.87996465,0.0,1.0729156,0.0,0.006558483,0.0
0.0,0.0,0.0,0.0,1.2996123,0.754265,0.0,0.5591998,0.56376284,0.3969846,0.0,0.22300258,0.22844954,0.0,0.0,0.47073025,0.33215085,0.0,0.0,1.2169343,0.0,0.0,0.0,1.0970194,0.31645057,0.0,0.0,0.0,0.8772525,0.0,1.1872237,2.558497,1.6211189,0.0,1.5408183,1.2040919,0.0,0.0,0.0,0.8368142,0.45107728,1.1980631,0.0,0.0,0.0,0.0,0.47278303,0.0,0.468248,1.7102895
0.0,0.57980114,0.0,0.0,0.4115849,0.0,0.51283574,0.1233949,0.20485558,0.55823565,0.0,0.6579081,0.582741,0.0,0.0,0.69453555,0.0,0.6348041,0.0,0.011757148,0.3898221,0.6230354,0.5960297,0.3636398,0.44215357,0.0,1.2012396,0.0,0.0,0.9578564,0.0,0.0,0.050218932,0.0,0.37080035,0.1170369,0.0,0.29911545,0.0,0.45375738,0.29547992,0.0,0.0,0.0,0.055998757,0.12387691,0.73064184,0.0,0.0,0.0
0.0,0.6622455,0.0,0.0,0.70084417,0.0,0.464427,0.0,0.4151883,0.66234565,0.0,0.5150287,0.92299145,0.15977314,0.0,1.0114912,0.0,0.62823063,0.19039406,0.6030827,0.4862074,0.10702141,0.29562005,0.16297475,0.24231918,0.0,0.9174602,0.0,0.0,0.9352146,0.0,0.0,0.48030618,0.0,0.5189773,0.0,0.0,0.7071269,0.0,0.5124837,0.4025062,0.0,0.0,0.0,0.0,0.6890189,0.45218608,0.5886504,0.0,0.0
0.0,0.846453,0.0,0.12858464,0.6039418,0.0,0.30912533,0.0,0.28924808,0.64050704,0.0,0.16732079,0.48560387,0.07005229,0.0,0.41707975,0.0,0.70980793,0.0,0.007565854,0.19855806,0.58623534,0.30529228,0.35218233,0.24076977,0.0,0.6171222,0.0,0.0,0.8089911,0.0,0.10543293,0.4288564,0.0,0.3104374,0.54551476,0.0,0.62486047,0.3288835,0.4859315,0.6755567,0.0,0.0,0.0,0.0,0.15844555,0.13131502,0.03344445,0.017030278,0.26295406
0.0,0.99977285,0.0,0.76648945,0.24307472,0.0,0.40619695,0.33493772,0.1419889,0.72012615,0.0,0.17875268,0.12626542,0.0,0.0,0.0,0.0,0.39618167,0.0,0.0,0.0,1.0104383,0.8831526,0.4114354,0.2061791,0.0,0.8546777,0.0,0.0,0.5217739,0.0,0.0,0.0,0.0,0.049788754,0.47228307,0.0,0.55309945,0.31656015,0.19643342,0.75121,0.0,0.0,0.0,0.55298424,0.0,0.33613515,0.0,0.14388838,0.20957732
0.0,0.008087362,0.0,0.0,1.0257074,0.0,0.06610204,0.24499683,0.74910843,0.10234845,0.0,0.0,0.9949616,0.4595923,0.0,1.1624998,0.8753799,0.78786933,0.50729907,1.2648034,0.19428837,0.32067648,0.0,0.024849154,0.26986966,1.1128782,0.0,0.0,0.55473083,0.0,0.0,1.6160067,0.8143893,0.0,0.5235465,0.79965883,0.0,1.5968453,0.33365992,1.4662477,0.3403222,0.058379386,0.62206227,0.0,0.0,0.964972,0.0,0.66096306,0.0,0.77429634
0.0,0.654012,0.7378685,0.15141064,1.0076466,0.0,0.24696405,0.2891624,0.22324748,0.42149577,0.0,0.3826477,0.47970912,0.19018589,0.0,0.6783966,0.05413288,0.6591856,0.068444006,0.41123903,0.48542273,0.4420525,0.4333113,0.32634336,0.5346456,0.24519442,0.0,0.0,0.0,0.08803017,0.10638726,0.19587041,0.43702582,0.0,0.3684683,0.6090896,0.0,0.75794864,0.0,0.36212182,0.43545118,0.0,0.0,0.0,0.065628655,0.17366786,0.0,0.44809014,0.043398567,0.0
0.0,0.0,0.0,0.0,1.1015061,0.76543105,0.0,0.0,0.0,0.7950718,0.0,0.72519815,0.015628006,0.0,0.0,0.0,0.22233821,0.0,0.0,0.21166585,0.0,0.3505038,0.005886458,1.1687778,0.38893622,0.0,0.0,0.0,0.13748269,0.0,1.1832968,1.4602772,1.0132982,0.0,0.80477905,0.5233587,0.0,0.0,0.0,0.7844394,0.0656432,0.76345474,0.0,0.0,0.0,0.0,0.83597165,0.0,0.50557286,1.1162294
0.0,0.28295505,1.0427165,0.0,1.0500125,0.0,0.2225953,0.21454442,0.44961184,0.1490485,0.0,0.0,0.8572997,0.40459013,0.0,1.3302878,0.66652954,0.9529246,0.7104358,1.1185358,1.0791428,0.58656883,0.0,0.04764584,0.5356057,0.92080754,0.0,0.0,0.0013733322,0.0,0.0,1.0440958,0.47653854,0.0,0.201326,0.9552907,0.0,1.1441964,0.072053865,1.0466359,0.084200025,0.0,0.0,0.0,0.0,0.5308701,0.0,0.7010318,0.0,0.116073795
0.0,0.5319215,0.0,0.0,0.46602422,0.0,0.53472793,0.39430296,0.0,0.50601256,0.0,0.9026157,0.2696514,0.0,0.0,0.0,0.0,0.5390687,0.0,0.0,0.0,0.3070847,1.2648972,0.5829736,0.27145508,0.0,1.3207043,0.0,0.0,0.8848591,0.0,0.0,0.0,0.018660441,0.0715833,0.028594634,0.0,0.18164079,0.12092509,0.35739177,0.7842115,0.0,0.0,0.0,0.29309815,0.0,1.0129416,0.0,0.14740705,0.0
0.0,0.15373413,0.0,0.0,0.6714441,0.0,0.6162794,0.17092164,0.0,0.39172196,0.0,1.1305468,0.3574022,0.0,0.0,0.1273335,0.0,0.7203115,0.0,0.0,0.0,0.37747014,1.082401,0.502261,0.46287018,0.0,1.1716601,0.0,0.0,0.839653,0.0,0.0,0.0,0.0,0.1190887,0.0,0.0,0.5252218,0.0,0.36905783,0.6023286,0.0,0.0,0.0,0.0,0.0,0.98660356,0.18773247,0.0,0.0
0.0,0.41626754,0.0,0.0,0.66988295,0.0,0.32341686,0.527963,0.4968273,0.67267,0.0,0.3094353,0.37104833,0.0,0.0,0.0,0.0,0.42506963,0.0,0.0,0.21409349,0.5884968,0.34051567,0.31066978,0.5530726,0.0,0.6421685,0.0,0.0,0.09366809,0.0,0.0,0.21183765,0.0,0.22540233,0.39434353,0.0,0.6616402,0.0,0.83124614,0.4777366,0.0,0.109475516,0.0,0.0,0.0,0.48212814,0.0,0.0,0.0
0.0,0.28325787,0.0,0.0,0.45681703,0.0,0.61889195,0.2839835,0.0,0.4965189,0.0,1.1191418,0.37001047,0.0,0.0,0.043037023,0.0,0.6669806,0.0,0.0,0.0,0.3162366,1.2548175,0.60012853,0.3960432,0.0,1.3155957,0.0,0.0,1.0244095,0.0,0.0,0.0,0.029385787,0.06767001,0.0,0.0,0.2468057,0.23736523,0.24034788,0.675048,0.0,0.0,0.0,0.020113183,0.0,0.9930094,0.0,0.08045019,0.0
0.34310043,0.0,0.0,0.0,0.39051318,0.0,0.75374585,1.2183669,0.5481029,0.6511826,0.0,1.0307653,0.42135024,0.0,0.0,0.021824922,0.0,0.3251277,0.0,0.0,0.38640943,0.7669671,0.873996,0.59388816,1.1193895,0.0,1.3404815,0.0,0.0746183,0.0,0.0,0.0,0.0,0.0,0.4684401,0.22629848,0.0,0.23270425,0.0,0.9710269,0.0,0.0,0.31305656,0.056520533,0.0,0.0,1.1715451,0.0,0.0,0.0
0.34384844,0.056067932,0.0,0.0,0.11152537,0.0,0.96859777,0.658711,0.0,0.5601689,0.0,1.4115443,0.26339704,0.0,0.0,0.0,0.0,0.49277264,0.0,0.0,0.0,0.44288892,1.6385442,0.78719944,0.5754644,0.0,1.4976022,0.0,0.0,0.57555056,0.0,0.0,0.0,0.0,0.101806,0.0,0.0,0.0,0.0,0.19357136,0.3499513,0.0,0.0,0.0,0.25864926,0.0,1.9007024,0.0,0.31465715,0.0
0.6920707,0.0,0.0,0.0,0.59959704,0.0,0.7672589,1.0126879,0.530773,0.7143883,0.0,1.0786421,0.6351985,0.0,0.0,0.015883718,0.0,0.29992238,0.0,0.2721159,0.11026374,0.22779278,0.9218609,0.47886792,0.85376096,0.0,1.2634517,0.0,0.0,0.0,0.0,0.0,0.0,0.0,0.42961246,0.0,0.0,0.45280874,0.0,0.96682173,0.0,0.0,0.22638915,0.060908776,0.0,0.0,1.3720105,0.0,0.0,0.0
0.06336438,0.32975233,0.0,0.0,0.4633923,0.0,0.7465929,0.6817927,0.15807676,0.5544034,0.0,1.0281733,0.28105968,0.0,0.0,0.0,0.0,0.43036783,0.0,0.0,0.0,0.6171295,1.1455439,0.5583018,0.7651143,0.0,1.0140637,0.0,0.0,0.4021092,0.0,0.0,0.0,0.0,0.108564824,0.2917551,0.0,0.4004232,0.0,0.44807667,0.22800581,0.0,0.0,0.0,0.0,0.0,1.4580005,0.0,0.0,0.0
0.028596401,0.5795559,0.0,0.0,0.38036892,0.0,0.7212928,0.6017463,0.28526047,0.6851039,0.0,0.920358,0.4741591,0.0,0.0,0.0,0.0,0.6563399,0.0,0.0,0.0,0.21953748,0.9808889,0.6885835,0.63532037,0.0,1.1481559,0.0,0.0,0.731907,0.0,0.0,0.0,0.0,0.25624827,0.47944012,0.0,0.074076094,0.17397471,0.43750498,0.50823396,0.0,0.0,0.0,0.24686402,0.0,1.1703799,0.0,0.27649513,0.0
0.4343794,0.047680523,0.0,0.0,0.4255235,0.0,0.91709995,0.28738746,0.4093344,0.8277829,0.0,1.3128457,0.7846921,0.0,0.0,0.13247244,0.0,0.6999023,0.0,0.6465851,0.0,0.0,0.7952125,0.5160716,0.44773942,0.0,1.1209434,0.0,0.0,0.41775542,0.0,0.0,0.0,0.0,0.45116997,0.0,0.0,0.35372642,0.0,0.39612508,0.44719285,0.0,0.0,0.13613676,0.0,0.0,1.1416285,0.140887,0.0,0.0
0.0,0.26349747,0.0,0.0,0.43197712,0.0,0.8444825,0.5819037,0.0,0.5573447,0.0,1.5050879,0.05707962,0.0,0.0,0.0,0.0,0.6352598,0.0,0.0,0.0,0.29979882,1.8037077,0.80265266,0.57375985,0.0,1.1370721,0.0,0.0,0.58346695,0.0,0.0,0.0,0.03152404,0.0,0.0,0.0,0.34504855,0.23322459,0.035267334,0.7373432,0.0,0.0,0.0,0.0,0.0,1.3071704,0.0,0.11974275,0.0
0.11245421,0.02689488,0.0,0.0,0.38638112,0.0,0.87891257,0.77681005,0.0,0.54200673,0.0,1.6585729,0.2905182,0.0,0.0,0.0,0.0,0.5952246,0.0,0.0,0.0,0.16882747,1.6018133,0.8810909,0.80728865,0.0,1.4337637,0.0,0.0,0.5561956,0.0,0.0,0.0,0.0,0.1034358,0.022425663,0.0,0.003927676,0.0,0.35485992,0.38759428,0.0,0.0,0.0,0.0,0.0,1.79797,0.0,0.13347131,0.0
0.41541946,0.27695936,0.0,0.0,0.19117372,0.0,0.9766738,0.96042013,0.017353369,0.5845757,0.0,1.4794614,0.30786163,0.0,0.0,0.0,0.0,0.42491543,0.0,0.0,0.0,0.32607928,1.6971608,0.86228573,0.7748939,0.0,1.5580138,0.0,0.0,0.57137495,0.0,0.0,0.0,0.0,0.10587953,0.17674927,0.0,0.0,0.0,0.29536965,0.28635967,0.0,0.0,0.0,0.48577306,0.0,1.9601793,0.0,0.3235769,0.0
0.0,0.55607706,0.0,0.0,0.8389917,0.0,0.8779734,0.3664533,0.33799934,0.4831444,0.0,0.9792709,0.57431656,0.0,0.0,0.007428053,0.0,0.88097733,0.0,0.14162645,0.0052973595,0.25744218,0.87025636,0.55500233,0.8355595,0.0,0.4498557,0.0,0.0,0.7477375,0.0,0.0,0.0,0.0,0.39601925,0.6852217,0.0,0.7321591,0.0,0.39144126,0.19966274,0.0,0.0,0.0,0.0,0.07589767,0.7412793,0.08897385,0.060876574,0.0
0.0,0.012761913,0.0,0.0,0.38778773,0.0,1.0269239,0.7900722,0.0025740734,0.6475313,0.0,1.6755106,0.23965596,0.0,0.0,0.0,0.0,0.65545905,0.0,0.0,0.0,0.23679756,1.5422645,0.96589017,0.9514365,0.0,0.98744977,0.0,0.0,0.19384803,0.0,0.0,0.0,0.0,0.26251101,0.21538223,0.0,0.15887043,0.13950992,0.21925868,0.17830347,0.0,0.0,0.0,0.0,0.0,1.6960634,0.0,0.28261694,0.0
0.0,0.446812,0.0,0.0,0.45091242,0.0,0.961795,0.7264891,0.0,0.5519844,0.0,1.496526,0.109656796,0.0,0.0,0.0,0.0,0.5660395,0.0,0.0,0.0,0.22023948,1.9161437,0.81809294,0.67688125,0.0,1.0958095,0.0,0.0,0.6226911,0.0,0.0,0.0,0.0,0.0,0.18545844,0.0,0.29009372,0.0,0.073005274,0.6272079,0.0,0.0,0.0,0.21460493,0.0,1.5336291,0.0,0.2700901,0.0
0.0,0.0,0.0,0.0,0.4929015,0.0,0.69660443,0.0,0.1553494,0.72575283,0.0,1.2419655,0.5665515,0.0,0.0,0.0,0.0,0.82794267,0.0,0.42707762,0.0,0.0,0.62218326,0.35287815,0.2311371,0.0,0.5326379,0.0,0.033894077,0.479577,0.0,0.0,0.0,0.0,0.20672022,0.0,0.017388359,0.7288256,0.04533413,0.0031758936,0.7241515,0.0,0.0,0.066642284,0.0,0.0,0.6690083,0.8727139,0.0,0.0
0.0,0.4618228,0.0,0.0,0.7040385,0.0,0.65763307,0.53457725,0.33999333,0.5706233,0.0,0.3240323,0.35986185,0.0,0.0,0.0,0.0,0.43605635,0.0,0.0,0.4221319,1.0903504,0.5902353,0.17759229,0.7127268,0.0,0.10266236,0.0,0.0,0.076740064,0.0,0.0,0.0,0.0,0.05588166,0.4696883,0.0,1.1900876,0.0,0.7262396,0.075978,0.0,0.22984596,0.0,0.0,0.0,0.5389306,0.0,0.0,0.0
0.0,0.56208223,0.0,0.0,0.64306825,0.0,0.35953587,0.33395988,0.20460154,0.6540683,0.0,0.8758356,0.33338758,0.0,0.0,0.0,0.0,0.6669462,0.0,0.0,0.0,0.032200158,0.9587003,0.7141542,0.45879406,0.0,0.75783056,0.0,0.0,0.6153968,0.0,0.0,0.045931272,0.0,0.1583449,0.44174328,0.0,0.36457658,0.29873464,0.36502254,0.83530444,0.0,0.0,0.0,0.06275698,0.0,0.5543457,0.0,0.30318812,0.0
0.0,0.66604227,0.0,0.0,0.9218572,0.0,0.7998689,0.0,0.44652638,0.52503973,0.0,0.42229307,0.8107163,0.16347003,0.0,0.48320144,0.0,0.9906934,0.10263161,0.48622236,0.43161914,0.46620965,0.23894005,0.34330466,0.60796964,0.26237193,0.0,0.0,0.0,0.7115187,0.0,0.23978111,0.11205193,0.0,0.39055866,0.87673247,0.0,1.2373489,0.3283105,0.60605973,0.115870655,0.0,0.051736984,0.0,0.0,0.73414445,0.05747034,0.49526447,0.0,0.0
0.128406,0.33470276,0.0,0.0,0.8725135,0.0,0.9488954,0.16538052,0.80650645,0.7321506,0.0,0.8536323,1.2511466,0.0073245447,0.0,0.95274985,0.0,0.8097033,0.3427113,1.186444,0.53786564,0.0,0.10055853,0.38632545,0.68439865,0.16929604,0.2968341,0.0,0.6373153,0.40949205,0.0,0.11168015,0.046911724,0.0,0.84946394,0.3922948,0.0,1.0554993,0.0,0.78328353,0.0,0.0,0.47805718,0.0,0.0,1.1674769,0.38962558,0.5408791,0.0,0.0
0.0,0.61915463,0.0,0.0,0.7708184,0.0,0.90562195,0.17958649,0.47739276,0.65167713,0.0,0.54000956,0.92212355,0.0,0.0,0.52252823,0.0,0.85276765,0.20111747,0.5715194,0.2653979,0.08007608,0.3794281,0.3970528,0.48867303,0.0,0.32508695,0.0,0.0,0.8133704,0.0,0.0,0.046171803,0.0,0.4554637,0.61180645,0.0,1.0495709,0.5976562,0.6329144,0.18446389,0.0,0.08760787,0.0,0.17307225,0.59157974,0.26748204,0.19060254,0.0,0.0
0.09110933,0.27244496,0.0,0.0,0.7013732,0.0,1.0457802,0.7097908,0.849605,0.73773724,0.0,0.7735589,1.0242229,0.0,0.0,0.62378603,0.0,0.68910664,0.26037005,0.7762874,0.5896081,0.10764844,0.28760636,0.5010421,0.91764253,0.0,0.53204894,0.0,0.5018575,0.11900579,0.0,0.23181939,0.0,0.0,0.79394,0.64993525,0.0,0.9620583,0.28370145,0.94842374,0.0,0.0,0.7710524,0.0,0.1283729,0.8321691,0.40805456,0.0,0.0,0.0
0.0,0.89687145,0.0,0.0,0.6777988,0.0,0.6043935,0.0012487097,0.6728051,0.69025683,0.0,0.0,0.64834654,0.07964141,0.0,0.040121187,0.0,1.0477366,0.0,0.3352355,0.210478,0.23820059,0.0,0.49769926,0.46431938,0.40951556,0.0,0.0,0.0,0.36205888,0.0,0.62772846,0.093973264,0.0,0.3456824,1.4319888,0.0,0.913504,1.1316042,0.7680033,0.3391833,0.0,0.5407454,0.0,0.16094473,0.634354,0.0,0.0,0.41507277,0.46793482
0.0,0.093333945,0.0,0.0,0.9466285,0.0,1.0126171,0.6329655,0.8373614,0.3886492,0.0,0.13402563,1.1733633,0.8456621,0.0,1.0050243,0.0,0.8670546,0.7118009,0.99499875,1.4082259,0.7615848,0.0,0.2115387,1.0121591,1.0782878,0.0,0.0,1.1166831,0.0,0.0,1.1752844,0.0,0.0,0.622389,0.9746389,0.0,1.9616854,0.45971018,1.2129558,0.0,0.0,1.3041943,0.0,0.0,1.2919745,0.0,0.23588167,0.0,0.0
0.0,0.76535606,0.0,0.0,0.7849376,0.0,0.64320165,0.46530768,0.32082206,0.58451056,0.0,0.71628845,0.32023904,0.0,0.0,0.0,0.0,0.76325625,0.0,0.0,0.11030304,0.11967643,0.8452997,0.58381253,0.6749987,0.0,0.0,0.0,0.0,0.5872781,0.0,0.0,0.0,0.0,0.2638271,0.78733176,0.0,0.48138925,0.7290647,0.2900898,0.3507929,0.0,0.0,0.0,0.62671006,0.047075555,0.0,0.0,0.5543743,0.0
0.0,0.47694716,0.0,0.0,0.8997753,0.0,1.0672485,0.18748984,0.7214788,0.50149256,0.0,0.57815343,1.143277,0.20906702,0.0,0.98721784,0.0,1.0971246,0.42005262,0.8941103,0.74071884,0.06310443,0.10257538,0.43002388,0.79703254,0.5400309,0.0,0.0,0.0,0.81800824,0.0,0.20911065,0.0,0.0,0.76087385,0.8731272,0.0,1.0843587,0.6403492,0.6798699,0.0,0.0,0.6652629,0.0,0.1778828,1.0174601,0.0,0.5764213,0.021681812,0.0
0.0,0.0,0.50576144,0.0,0.93430287,0.0,0.8098612,0.8011862,0.85063165,0.1436289,0.0,0.0,1.2779161,1.1022106,0.0,1.216263,0.10468536,0.9935643,0.69434214,1.3106102,1.4868556,0.4987652,0.0,0.29294518,1.0967418,1.5425031,0.0,0.0,1.382789,0.0,0.0,1.5074446,0.0,0.0,0.67416805,1.2248151,0.0,2.061338,0.4161317,1.2002935,0.0,0.0,1.2941157,0.0,0.0,1.1985893,0.0,0.24510579,0.0,0.0
0.0,0.70741415,0.028640062,0.0,0.77562964,0.0,0.88073826,0.5918559,0.4226597,0.56832606,0.0,0.8703306,0.49083528,0.0,0.0,0.0,0.0,0.80102134,0.0,0.04464927,0.36149216,0.28054106,0.82885844,0.6544239,0.94619155,0.0,0.0,0.0,0.0,0.49331164,0.0,0.0,0.0,0.0,0.4327825,0.96243584,0.0,0.68697673,0.54156923,0.30349943,0.0,0.0,0.0,0.0,0.46816623,0.31070405,0.21743964,0.0,0.44631693,0.0
0.0,0.09836381,0.63981616,0.0,0.9191974,0.0,0.74340236,0.5217029,0.86705595,0.20286357,0.0,0.0,1.236939,0.88797843,0.0,1.2096916,0.14288159,1.1231651,0.7497069,1.2472519,1.2331723,0.17591916,0.0,0.35739514,0.88327307,1.3750194,0.0,0.0,0.8958945,0.0,0.0,1.2917624,0.0,0.0,0.64836085,1.3178436,0.0,1.6950138,0.645031,1.0959623,0.0,0.0,0.96689427,0.0,0.18310751,1.0939125,0.0,0.36893225,0.14432204,0.0
0.0,0.5805551,0.29507118,0.0,0.9309245,0.0,0.7776019,0.14903072,0.55981195,0.36303467,0.0,0.0,0.73068255,0.7100593,0.0,0.44511995,0.08487642,1.1240654,0.47133002,0.46026814,1.201443,0.7361007,0.0,0.162747,0.7628413,1.0003072,0.0,0.0,0.17307255,0.12474644,0.0,0.87823904,0.0,0.0,0.22255836,1.3628882,0.0,1.6230954,0.82507133,0.92770797,0.0,0.0,0.63514876,0.0,0.0,0.86363846,0.0,0.23173903,0.0,0.088776805
0.0,0.71457,0.0,0.0,0.673383,0.0,0.774889,0.6085011,0.40722585,0.6847996,0.0,0.8275424,0.50714636,0.0,0.0,0.0,0.0,0.64661974,0.0,0.02196294,0.18821014,0.59237045,0.8455817,0.6608251,0.9763127,0.0,0.0958373,0.0,0.0,0.30144736,0.0,0.0,0.0,0.0,0.30990925,0.95571333,0.0,0.84970933,0.17717203,0.3304267,0.051884823,0.0,0.09137913,0.0,0.0,0.25174606,0.6422185,0.0,0.15048625,0.0
0.0,0.6438507,0.15778011,0.0,0.8984382,0.0,0.6043221,0.16859996,0.45977032,0.52583414,0.0,0.53407806,0.3438469,0.0,0.0,0.0,0.0,1.0211562,0.03915093,0.0,0.0,0.004724645,0.48301455,0.46757984,0.61212164,0.0,0.0,0.0,0.0,0.59275913,0.0,0.0,0.0,0.0,0.18529624,0.8981403,0.0,0.58174163,0.8742377,0.44234985,0.44386563,0.0,0.0,0.0,0.37798,0.0034410635,0.0,0.24620917,0.5048575,0.0
0.0,0.5456952,0.42240956,0.0,0.8935236,0.0,0.8024812,0.17834522,0.48021105,0.4411958,0.0,0.58653176,0.5101263,0.0,0.0,0.3032221,0.0,1.1104792,0.3083895,0.08783843,0.50397635,0.14499599,0.4669428,0.41891542,0.7448911,0.14763682,0.0,0.0,0.0,0.73798627,0.0,0.0,0.0,0.0,0.29256254,0.84482294,0.0,0.6100171,0.8989487,0.42231104,0.13001557,0.0,0.0,0.0,0.43732473,0.22585294,0.0,0.4218868,0.48592126,0.0
0.117042065,0.42448136,0.0,0.0,0.764228,0.0,1.295894,0.56080484,0.9604797,0.734607,0.025238367,0.5891468,1.3389492,0.0,0.0,0.92944527,0.0,0.9469761,0.5888813,1.1817468,0.60658365,0.0,0.08571061,0.48274863,0.74152577,0.0,0.37360713,0.0,0.15937924,0.51536536,0.0,0.12007916,0.0,0.0,0.87142533,0.8444401,0.0,1.1516876,0.81119335,0.94243425,0.0,0.0,0.9882757,0.0,0.54585665,1.1364677,0.039168943,0.1320434,0.0,0.0
0.1930572,0.3234959,0.0,0.0,0.54989874,0.0,1.0625827,1.0119805,0.5453824,0.6830134,0.0,1.4597801,0.6160365,0.0,0.0,0.0,0.0,0.6799532,0.0,0.1193457,0.0,0.0,1.138969,0.9507276,1.2379147,0.0,0.8666535,0.0,0.0,0.35662696,0.0,0.0,0.0,0.0,0.601456,0.8003836,0.0,0.21012259,0.115538344,0.40898025,0.0,0.0,0.0,0.0,0.3179479,0.0,1.3338188,0.0,0.48526102,0.0
0.0,0.48761508,0.0,0.0,0.7605823,0.0,1.0818768,0.7186982,0.61101127,0.6153247,0.0,1.0632106,0.6894648,0.0,0.0,0.0,0.0,0.80764115,0.0,0.25118583,0.38174137,0.31194916,0.68832177,0.75116694,1.2314804,0.0,0.035693012,0.0,0.23079899,0.2378994,0.0,0.050148945,0.0,0.0,0.6018408,1.1471674,0.0,0.86253697,0.23336609,0.49482328,0.0,0.0,0.27164748,0.0,0.0,0.4350697,0.72674996,0.0,0.23182552,0.0
0.0,0.39122236,0.39224395,0.0,0.92848474,0.0,1.0366267,0.4043032,0.66845113,0.4311576,0.0,0.6921779,0.94349676,0.3469983,0.0,0.6011814,0.0,1.0894248,0.29680243,0.6679781,0.95369065,0.22368433,0.15691097,0.552856,1.1187207,0.63879013,0.0,0.0,0.22305289,0.40703627,0.0,0.3100488,0.0,0.0,0.6615697,1.2117264,0.0,1.115018,0.5508156,0.61402476,0.0,0.0,0.564952,0.0,0.16317622,0.8450103,0.0,0.24546409,0.28395954,0.0
0.0,0.5498371,0.33500478,0.0,0.68192345,0.0,1.1572849,0.64401567,0.796804,0.49651438,0.0,0.48657316,0.86062706,0.6000986,0.0,0.44161832,0.0,1.11218,0.5413261,0.4429392,1.1451912,0.4451517,0.015843969,0.56851786,1.1960934,0.5942915,0.0,0.0,0.37836188,0.19091143,0.0,0.65010405,0.0,0.0,0.62500477,1.5129955,0.0,1.1024382,0.78083384,0.6535791,0.0,0.0,0.6012901,0.0,0.5974431,0.79539424,0.0,0.0,0.31937096,0.0
0.0,0.0,1.0129654,0.0,1.0233245,0.0,1.2404857,0.9332305,0.92232835,0.001886899,0.0,0.5112871,1.530459,1.2436166,0.0,1.611064,0.0,1.2753949,0.96799815,1.6235198,1.7599066,0.31039217,0.0,0.4539931,1.5248944,1.7108884,0.0,0.0,1.8246874,0.0,0.0,1.4278939,0.0,0.0,0.9571594,1.3828325,0.0,2.056942,0.22706862,1.0550132,0.0,0.0,1.1448294,0.0,0.11980097,1.3751198,0.0,0.46650857,0.0,0.0
0.0,0.0,0.64868426,0.0,1.0713941,0.0,0.9113379,0.7144068,1.1159852,0.0508251,0.0,0.0,1.4678612,0.9875124,0.0,1.6041167,0.57783806,1.3409761,1.213902,1.8422891,1.318629,0.0,0.0,0.25190297,1.0370902,1.8603128,0.0,0.0,1.6067663,0.0,0.0,1.8356738,0.0,0.0,0.7481833,1.738411,0.0,2.2036035,0.8319828,1.4969614,0.0,0.0,1.1662538,0.0,0.13521053,1.4303001,0.0,0.4904577,0.0,0.17609319
0.0,0.09873178,0.0,0.0,1.5023677,0.0,0.05861847,0.21068509,0.56407386,0.57927424,0.0,0.99264115,0.37078798,0.07880341,0.0,0.052567504,0.0,0.625843,0.0,0.9939087,0.0,0.0,0.5030942,1.3901366,1.0976124,0.64507836,0.0,0.0,0.60483015,0.0,0.88169587,2.3299856,0.51497084,0.0,1.4125258,1.5978202,0.0,0.0039566555,0.47500807,0.6484681,0.0,0.29676396,0.0,0.0,0.0,0.0,1.0008936,0.0,0.66351134,0.5724206
0.0,0.14449267,1.6016433,0.0,1.0472583,0.0,0.49103338,0.66625684,0.963046,0.18676378,0.0,0.0,0.94763577,0.21452302,0.0,1.2132654,0.7090168,1.3236564,1.1547313,1.2790517,1.0843912,0.0,0.0,0.34819773,0.8717075,1.4542198,0.0,0.0,0.0,0.0,0.0,0.92058957,0.0,0.0,0.282025,1.5956562,0.0,0.8766631,1.3026114,1.205907,0.0,0.0,0.5061572,0.0,1.107219,0.43099156,0.0,0.5706395,0.7405516,0.0
0.0,0.48135555,0.0,0.0,0.39798942,0.0,1.392189,1.1976918,0.9372476,0.7166334,0.0,1.1484381,0.8195477,0.10597447,0.0,0.08702658,0.0,0.89912343,0.14952172,0.32016766,0.5794816,0.22362554,0.6182086,1.0089585,1.4949741,0.0,0.47089794,0.0,0.39148375,0.1420558,0.0,0.35920653,0.0,0.0,0.9766584,1.4593476,0.0,0.49469712,0.8321439,0.53234965,0.0,0.0,0.74865663,0.0,1.0270499,0.56593615,0.47608843,0.0,0.5987906,0.0
0.0,0.33164498,0.0,0.0,0.8301228,0.0,1.2303388,0.5685858,0.7707834,0.52772194,0.0,1.0604169,1.0182164,0.0,0.0,0.5357762,0.0,1.0786968,0.18300885,0.75184774,0.6098657,0.0,0.38486946,0.7217647,1.1588515,0.33793038,0.0,0.0,0.0,0.56044865,0.0,0.0,0.0,0.0,0.8314133,1.0218914,0.0,0.6603047,0.8123738,0.6126141,0.0,0.0,0.69396555,0.0,0.5939381,0.778431,0.07036368,0.128461,0.47534326,0.0
0.0,0.4352246,0.26322222,0.0,0.86406183,0.0,1.1224375,0.53412676,0.63296276,0.41742948,0.0,0.9707362,0.7980742,0.0,0.0,0.3326568,0.0,1.1695021,0.1199609,0.46041015,0.4401548,0.0,0.5840475,0.7014412,1.1448247,0.37314013,0.0,0.0,0.0,0.7079501,0.0,0.0,0.0,0.0,0.6108488,1.098056,0.0,0.62797064,0.9345233,0.44334233,0.0,0.0,0.37078214,0.0,0.6285653,0.50820273,0.0,0.27237016,0.6844917,0.0
0.0,0.49739012,0.35499907,0.0,0.8232872,0.0,0.87853444,0.76945096,0.49253666,0.57805896,0.0,1.098399,0.37744263,0.0,0.0,0.0,0.0,0.82672083,0.0,0.0,0.41212657,0.0,0.94983554,0.78777456,1.1280202,0.0,0.0,0.0,0.0,0.30420902,0.0,0.0,0.0,0.0,0.48871544,1.0035205,0.0,0.36667004,0.84646845,0.2622379,0.0,0.0,0.034569662,0.0,0.8151339,0.13293882,0.025080405,0.0,0.84095526,0.0
0.0,0.5887237,0.0,0.0,0.56896096,0.0,1.4093691,0.86831844,1.0117066,0.5675455,0.22487602,0.3533306,1.2036761,0.50784117,0.0,0.8402452,0.0,1.0496304,0.8226839,0.87905395,1.107912,0.19899975,0.0,0.51740634,0.9981744,0.51642233,0.16844048,0.0,0.37091565,0.43601987,0.0,0.7952239,0.0,0.0,0.90628445,1.3437524,0.0,1.2334208,1.1732249,0.8274553,0.0,0.0,1.1725206,0.0,0.99961597,1.1618804,0.0,0.0,0.11940124,0.0
0.0,0.568696,0.13281837,0.0,0.84237623,0.0,0.93226814,0.5504323,0.44649047,0.5577974,0.0,1.0060686,0.5220281,0.0,0.0,0.0,0.0,0.8942473,0.0,0.1315472,0.34117782,0.19036385,0.814846,0.7211688,1.079745,0.0,0.0,0.0,0.0,0.40810645,0.0,0.0,0.0,0.0,0.41758892,1.0572356,0.0,0.6405347,0.5990521,0.3646625,0.0,0.0,0.04830374,0.0,0.3836151,0.3335352,0.23084871,0.0,0.52182776,0.0
0.0,0.39667404,0.0,0.0,0.57750607,0.0,1.3146737,1.010823,0.9975934,0.7349125,0.21740778,0.57618564,0.98513454,0.4433635,0.0,0.2885249,0.0,0.84078526,0.48596755,0.62295663,0.90598613,0.6364129,0.11711473,0.6464776,1.3076538,0.44052765,0.0,0.0,0.8961087,0.0,0.0,0.9398775,0.0,0.0,0.78453505,1.4085468,0.0,1.3539172,0.9036697,0.95368963,0.0,0.0,1.3323915,0.0,0.3903979,1.0772746,0.0,0.0,0.0,0.0
0.24846087,0.29776147,0.0,0.0,0.3984604,0.0,1.454441,1.4641067,1.2663763,0.8895546,0.4087274,0.96489275,1.0328308,0.0,0.0,0.33384314,0.0,0.7264407,0.42067888,0.6421182,0.65234697,0.092938475,0.40759024,0.883426,1.408574,0.0,0.8394503,0.0,0.6657177,0.0,0.0,0.54325163,0.0,0.0,1.1085283,1.2808579,0.0,0.66965854,0.82956225,0.9236631,0.0,0.0,1.292754,0.0,1.0126929,0.7831283,0.33962443,0.0,0.11058238,0.0
0.0,0.9253026,0.0,0.0,0.31352627,0.0,1.2627236,0.7458017,0.74429095,0.691424,0.1285851,0.40493637,0.79026544,0.21983126,0.0,0.0,0.0,1.09266,0.40615758,0.2608959,0.75254804,0.5986934,0.25225523,0.7096567,1.0891329,0.16425346,0.0,0.0,0.0,0.4042142,0.0,0.4117829,0.0,0.0,0.4595007,1.6825061,0.0,0.8723954,1.3466253,0.48952526,0.0,0.0,0.7787394,0.0,1.1106045,0.7232019,0.0,0.0,0.5042555,0.0
0.0,0.4470676,0.0,0.014809258,0.1814613,0.0,1.1419538,1.5834681,0.35509527,0.6389051,0.0,1.7832265,0.2812673,0.0,0.0,0.0,0.0,0.48159748,0.0,0.0,0.0,0.0,1.8076596,1.3142086,1.3031955,0.0,1.0959247,0.0,0.0,0.275132,0.0,0.0,0.0,0.0,0.51365405,0.9029286,0.0,0.0,0.9769966,0.00026502582,0.0,0.0,0.0,0.0,1.3275577,0.0,1.1057328,0.0,0.80124927,0.0
0.0,0.77897334,0.0,0.0,0.21483292,0.0,1.3589721,1.2490035,0.7673343,0.77082527,0.0,1.0545887,0.6607555,0.0,0.0,0.0,0.0,0.8686277,0.0,0.07966196,0.44439632,0.48165435,0.86136293,1.0336242,1.4469723,0.0,0.36489072,0.0,0.015259244,0.23533913,0.0,0.14339985,0.0,0.0,0.70615256,1.5712172,0.0,0.45093167,0.9614556,0.29711178,0.0,0.0,0.6210218,0.0,1.2354287,0.41197127,0.5200614,0.0,0.6979185,0.0
0.0,0.56841457,0.0,0.0,0.48996198,0.0,1.4789271,0.97229177,1.1032691,0.66058475,0.3756339,0.41544086,1.2563024,0.70572263,0.0,0.6555656,0.0,1.0975933,0.8339761,0.90989244,1.2013611,0.39028764,0.0,0.66518193,1.291033,0.69262207,0.0,0.0,0.7965011,0.10242616,0.0,1.062624,0.0,0.0,0.91122395,1.6739036,0.0,1.3886371,1.1840204,0.78684396,0.0,0.0,1.4276159,0.0,0.9945705,1.2783426,0.0,0.0,0.1650767,0.0
0.0,0.5399332,0.0,0.0,0.58512735,0.0,1.1520077,0.87631243,0.5594844,0.61811566,0.0,1.1739545,0.58877426,0.0,0.0,0.0,0.0,0.9458491,0.0,0.13604377,0.31315517,0.0024761416,0.92600834,0.9226934,1.2470313,0.0,0.0,0.0,0.0,0.49502677,0.0,0.0,0.0,0.0,0.5561764,1.181994,0.0,0.26583388,1.0859752,0.3333848,0.0,0.0,0.34288573,0.0,1.0501692,0.21367013,0.2659224,0.0,0.89247656,0.0
0.0,0.07301684,0.0,0.0,1.0502684,0.0,1.4704875,0.48727772,1.3766731,0.5457872,0.16512811,0.25840014,1.8198432,0.06114754,0.0,1.4675932,0.043204222,1.1848228,1.2801951,1.9747145,0.8421273,0.0,0.0,0.3422417,0.72652996,0.9977204,0.0,0.0,0.9503321,0.095309176,0.0,0.74764055,0.0,0.0,0.97929037,1.0687404,0.0,1.8419024,1.302212,1.50467,0.0,0.0,1.769743,0.0,0.59243214,2.0359704,0.0,0.8133313,0.0,0.0
0.0,0.2107216,0.0,0.0,0.5134763,0.0,1.1615669,1.0079134,0.46826065,0.70336694,0.0,1.6176594,0.5573225,0.0,0.0,0.0,0.0,0.83438075,0.0,0.20601334,0.1274533,0.0,1.259106,1.1477158,1.3540976,0.0,0.21985002,0.0,0.0,0.29133785,0.0,0.0,0.0,0.0,0.6674737,0.8470418,0.0,0.13959785,0.97863036,0.10161674,0.0,0.0,0.2651835,0.0,0.7955551,0.0,0.7135074,0.0,1.062306,0.0
0.0,0.7811725,0.0,0.0,0.25089866,0.0,1.4855399,1.1265364,0.8251445,0.7805033,0.05193873,0.9697103,0.8190156,0.0,0.0,0.0,0.0,0.9747031,0.011449133,0.2784726,0.43631387,0.34653082,0.7261909,0.9754764,1.364847,0.0,0.1491461,0.0,0.0,0.37423855,0.0,0.0038223043,0.0,0.0,0.65776217,1.5897405,0.0,0.52038324,1.1812272,0.41680077,0.0,0.0,0.86491615,0.0,1.185833,0.55704284,0.39652318,0.0,0.66417307,0.0
0.0,0.26079994,0.0,0.0,0.57145244,0.0,1.2536733,1.2879775,0.6643037,0.6126589,0.0,1.7322679,0.59892184,0.0,0.0,0.0,0.0,0.77925426,0.0,0.16094208,0.09876508,0.0,1.2388574,1.2718321,1.6426723,0.0,0.15776868,0.0,0.0072378037,0.011485388,0.0,0.0,0.0,0.0,0.8377168,1.2314186,0.0,0.29582638,0.7319712,0.21670668,0.0,0.0,0.38608098,0.0,0.7913705,0.22579446,0.8081535,0.0,0.8845785,0.0
0.0,0.71150434,0.0,0.0,0.48196855,0.0,1.4685746,0.8281212,0.801988,0.6572305,0.0,0.7705561,0.9566586,0.0,0.0,0.037125796,0.0,1.137802,0.28717133,0.546501,0.69490397,0.2575604,0.40319675,0.8150794,1.2638956,0.18362154,0.0,0.0,0.0,0.45391583,0.0,0.13484839,0.0,0.0,0.65403754,1.6114793,0.0,0.8599514,1.32433,0.52653384,0.0,0.0,0.98626983,0.0,1.0211636,0.8588081,0.0,0.0,0.56534916,0.0
0.0,0.3596658,0.2712539,0.0,0.81507903,0.0,1.2425895,0.68758625,0.6408529,0.44535038,0.0,0.9793144,0.6540886,0.0,0.0,0.0013316458,0.0,1.2073822,0.21689567,0.3426254,0.6772551,0.0,0.5164842,0.7550566,1.2756511,0.25028762,0.0,0.0,0.0,0.32373348,0.0,0.0,0.0,0.0,0.51071304,1.3478143,0.0,0.63379973,1.2065626,0.5032996,0.0,0.0,0.40628317,0.0,0.79053015,0.4147402,0.0,0.0,0.81555396,0.0
0.0,0.5600053,0.0797273,0.0,0.56356066,0.0,1.5260092,0.92018247,0.94509816,0.5272735,0.059531566,0.5665606,1.1874115,0.62262064,0.0,0.36819544,0.0,1.2556223,0.58163834,0.8676389,1.2183598,0.3867629,0.0,0.7438707,1.4716173,0.79846364,0.0,0.0,0.8106075,0.09186256,0.0,0.8961497,0.0,0.0,0.76022214,1.8935019,0.0,1.4257622,1.0869409,0.6517797,0.0,0.0,1.193995,0.0,0.8620439,1.143357,0.0,0.0,0.4063345,0.0
0.0,0.46091986,0.62145823,0.0,0.78910863,0.0,1.062442,1.1668383,0.622545,0.4872001,0.0,1.0209415,0.47339052,0.0046611754,0.0,0.0,0.0,0.91902566,0.19392623,0.15714264,0.69754213,0.037766773,0.75362587,0.8456598,1.4281883,0.09624271,0.0,0.0,0.0,0.0,0.0,0.0,0.0,0.0,0.5521668,1.4401234,0.0,0.7569848,0.8734962,0.37319627,0.0,0.0,0.1513348,0.0,1.1689407,0.29263452,0.027554315,0.0,0.809053,0.0
0.06497303,0.45637777,0.0,0.0,0.25353813,0.0,1.6741058,1.4117826,1.2057747,0.8603525,0.57292616,0.9898162,1.0573593,0.0,0.0,0.39049798,0.0,0.9219037,0.66849816,0.64439046,0.54973435,0.0,0.42743415,0.9895133,1.360049,0.0,0.8383718,0.0,0.51117426,0.074818626,0.0,0.4804664,0.0,0.0,1.1464581,1.4768015,0.0,0.56337583,1.3725469,0.8663685,0.0,0.0,1.1657735,0.0,1.5874885,0.84205157,0.20746283,0.0,0.3524028,0.0
